Species,Year,Population
B,2025,966.0540442502684
B,2026,989.9235212907317
B,2027,1007.5240001250966
B,2028,1017.1175086882838
B,2029,1023.4854037207332
B,2030,1030.3413660150272
B,2031,1033.7673888855797
B,2032,1034.4681668357857
B,2033,1034.9112294144704
B,2034,1034.462844004322
B,2035,1033.638979728055
B,2036,1035.1502727319717
B,2037,1035.3133022146785
B,2038,1037.9832390582044
B,2039,1044.3051586534766
B,2040,1047.9628082622792
B,2041,1051.8657675196057
B,2042,1054.5911635279574
B,2043,1059.2066022078288
B,2044,1066.5113427732974
B,2045,1070.9858401946058
B,2046,1072.5267455204112
B,2047,1072.413910905142
B,2048,1075.5013586412706
B,2049,1082.2636462042183
B,2050,1088.0678026668083
B,2051,1092.2741526391223
B,2052,1093.4674850095428
B,2053,1096.3066433514682
B,2054,1098.3366316846607
B,2055,1098.8919900432809
B,2056,1100.6671197099947
B,2057,1105.0298808682157
B,2058,1109.6947960350697
B,2059,1111.0050731422052
B,2060,1113.3519469493276
B,2061,1115.2060881831537
B,2062,1115.0160594161378
B,2063,1118.5091005884744
B,2064,1123.6319282631434
B,2065,1124.087875898777
B,2066,1127.9448138839055
B,2067,1129.9658807540939
B,2068,1132.5534217910767
B,2069,1139.4698473155463
B,2070,1139.0054407226467
B,2071,1139.6197203805398
B,2072,1147.6880734273514
B,2073,1151.207296663954
B,2074,1148.138862593141
B,2075,1150.6993972364542
B,2076,1153.4975636641307
B,2077,1158.5717691716422
B,2078,1160.1966846385067
B,2079,1157.244875591918
B,2080,1156.5496689796535
B,2081,1156.4221489580434
B,2082,1159.956599161705
B,2083,1162.1258409807256
B,2084,1165.182961334381
B,2085,1170.5511326015164
B,2086,1180.3511541693447
B,2087,1184.1863445311033
B,2088,1181.2968156084305
B,2089,1181.7614419411025
B,2090,1181.802862784854
B,2091,1183.9342157966053
B,2092,1187.171434704687
B,2093,1190.6671242194736
B,2094,1194.0023775254324
B,2095,1199.3151348788224
B,2096,1203.8775197550337
B,2097,1205.232794330075
B,2098,1207.8274243285643
B,2099,1209.7458735442183
B,2100,1207.7773114136305
B,2101,1210.8277262488912
B,2102,1216.6704686613803
B,2103,1218.1485074762065
B,2104,1222.3988652994879
B,2105,1226.8494780466353
B,2106,1231.2024620723628
B,2107,1233.4931285284574
B,2108,1236.3037910959404
B,2109,1240.489954118804
B,2110,1246.612651065038
B,2111,1247.566481144128
B,2112,1243.660666749387
B,2113,1248.4181670263722
B,2114,1252.248750674716
B,2115,1257.0304096324903
B,2116,1257.0824875888434
B,2117,1254.0181882562217
B,2118,1255.4022961024755
B,2119,1256.3033242238446
B,2120,1256.1509003420697
B,2121,1256.4099662690703
B,2122,1257.579858856509
B,2123,1259.233898252402
B,2125,1263.339875284653
N_0.00141372kg,2025,17747.055791172024
N_0.00141372kg,2026,17756.153371334276
N_0.00141372kg,2027,17754.895493411306
N_0.00141372kg,2028,17740.131609094577
N_0.00141372kg,2029,17712.322894705638
N_0.00141372kg,2030,17674.751079159232
N_0.00141372kg,2031,17631.438210804194
N_0.00141372kg,2032,17585.675649491757
N_0.00141372kg,2033,17539.57808639996
N_0.00141372kg,2034,17494.255963922617
N_0.00141372kg,2035,17450.16490657822
N_0.00141372kg,2036,17407.41185938889
N_0.00141372kg,2037,17365.953967222635
N_0.00141372kg,2038,17325.699870730674
N_0.00141372kg,2039,17286.556729150492
N_0.00141372kg,2040,17248.44534831816
N_0.00141372kg,2041,17211.30044447655
N_0.00141372kg,2042,17175.06943800659
N_0.00141372kg,2043,17139.707587741046
N_0.00141372kg,2044,17105.17746316974
N_0.00141372kg,2045,17071.443627114037
N_0.00141372kg,2046,17038.47395633598
N_0.00141372kg,2047,17006.237634103414
N_0.00141372kg,2048,16974.70718162352
N_0.00141372kg,2049,16943.860787514353
N_0.00141372kg,2050,16913.674832155488
N_0.00141372kg,2051,16884.128666707475
N_0.00141372kg,2052,16855.200465008726
N_0.00141372kg,2053,16826.872492489343
N_0.00141372kg,2054,16799.129263381652
N_0.00141372kg,2055,16771.955656232778
N_0.00141372kg,2056,16745.33784542659
N_0.00141372kg,2057,16719.26492865054
N_0.00141372kg,2058,16693.72490731999
N_0.00141372kg,2059,16668.70857270348
N_0.00141372kg,2060,16644.20753825671
N_0.00141372kg,2061,16620.215155299065
N_0.00141372kg,2062,16596.725736402666
N_0.00141372kg,2063,16573.731904736887
N_0.00141372kg,2064,16551.229326176952
N_0.00141372kg,2065,16529.214668385626
N_0.00141372kg,2066,16507.682702640708
N_0.00141372kg,2067,16486.63065157618
N_0.00141372kg,2068,16466.054593322126
N_0.00141372kg,2069,16445.953536098492
N_0.00141372kg,2070,16426.324700163317
N_0.00141372kg,2071,16407.165485089543
N_0.00141372kg,2072,16388.475291588034
N_0.00141372kg,2073,16370.253680944188
N_0.00141372kg,2074,16352.498073194674
N_0.00141372kg,2075,16335.206873041054
N_0.00141372kg,2076,16318.381519307139
N_0.00141372kg,2077,16302.021098318774
N_0.00141372kg,2078,16286.127957681523
N_0.00141372kg,2079,16270.702280829506
N_0.00141372kg,2080,16255.746617592193
N_0.00141372kg,2081,16241.260239216688
N_0.00141372kg,2082,16227.244878698044
N_0.00141372kg,2083,16213.704889532151
N_0.00141372kg,2084,16200.64150987143
N_0.00141372kg,2085,16188.055724089922
N_0.00141372kg,2086,16175.949545702397
N_0.00141372kg,2087,16164.326955265582
N_0.00141372kg,2088,16153.190276328822
N_0.00141372kg,2089,16142.542630665326
N_0.00141372kg,2090,16132.387404251738
N_0.00141372kg,2091,16122.728881767947
N_0.00141372kg,2092,16113.572458088951
N_0.00141372kg,2093,16104.921448851015
N_0.00141372kg,2094,16096.778685331605
N_0.00141372kg,2095,16089.147990497924
N_0.00141372kg,2096,16082.034008529665
N_0.00141372kg,2097,16075.44134984082
N_0.00141372kg,2098,16069.374821407906
N_0.00141372kg,2099,16063.841814700289
N_0.00141372kg,2100,16058.848320291407
N_0.00141372kg,2101,16054.39858726667
N_0.00141372kg,2102,16050.500474662025
N_0.00141372kg,2103,16047.158144900877
N_0.00141372kg,2104,16044.377632320247
N_0.00141372kg,2105,16042.16958001049
N_0.00141372kg,2106,16040.54115287284
N_0.00141372kg,2107,16039.499859777325
N_0.00141372kg,2108,16039.050782960598
N_0.00141372kg,2109,16039.200802039883
N_0.00141372kg,2110,16039.960535924873
N_0.00141372kg,2111,16041.337927041708
N_0.00141372kg,2112,16043.343884084032
N_0.00141372kg,2113,16045.987005704046
N_0.00141372kg,2114,16049.275744769251
N_0.00141372kg,2115,16053.220077731834
N_0.00141372kg,2116,16057.830393720837
N_0.00141372kg,2117,16063.118189636358
N_0.00141372kg,2118,16069.094215320076
N_0.00141372kg,2119,16075.77337992664
N_0.00141372kg,2120,16083.165029441101
N_0.00141372kg,2121,16091.278946432405
N_0.00141372kg,2122,16100.129770153395
N_0.00141372kg,2123,16109.730181306679
N_0.00141372kg,2125,16120.095174735428
N_0.567kg,2025,1606.2746694461232
N_0.567kg,2026,1610.6811738050749
N_0.567kg,2027,1613.5526311250424
N_0.567kg,2028,1614.6705536334798
N_0.567kg,2029,1614.3061100533027
N_0.567kg,2030,1612.9039235475507
N_0.567kg,2031,1610.8795593819116
N_0.567kg,2032,1608.5420792739976
N_0.567kg,2033,1606.0917091037384
N_0.567kg,2034,1603.646337318672
N_0.567kg,2035,1601.270068959694
N_0.567kg,2036,1598.995539666935
N_0.567kg,2037,1596.8387054350028
N_0.567kg,2038,1594.806073899627
N_0.567kg,2039,1592.8993560267463
N_0.567kg,2040,1591.1176694673761
N_0.567kg,2041,1589.4589557551817
N_0.567kg,2042,1587.9203217752029
N_0.567kg,2043,1586.4981416141097
N_0.567kg,2044,1585.189253299617
N_0.567kg,2045,1583.9900695234396
N_0.567kg,2046,1582.8971157936564
N_0.567kg,2047,1581.906541652678
N_0.567kg,2048,1581.015031487197
N_0.567kg,2049,1580.2205297038868
N_0.567kg,2050,1579.5203044790178
N_0.567kg,2051,1578.9122845658235
N_0.567kg,2052,1578.3934248657542
N_0.567kg,2053,1577.9617922745338
N_0.567kg,2054,1577.6159151382158
N_0.567kg,2055,1577.3540324680164
N_0.567kg,2056,1577.174959901632
N_0.567kg,2057,1577.0779956535137
N_0.567kg,2058,1577.0616297276054
N_0.567kg,2059,1577.1250318390269
N_0.567kg,2060,1577.267865460514
N_0.567kg,2061,1577.4901759595443
N_0.567kg,2062,1577.7918596780783
N_0.567kg,2063,1578.1720706222434
N_0.567kg,2064,1578.630830968974
N_0.567kg,2065,1579.1687392774272
N_0.567kg,2066,1579.7853141093565
N_0.567kg,2067,1580.4806839131045
N_0.567kg,2068,1581.2546207511816
N_0.567kg,2069,1582.107839149712
N_0.567kg,2070,1583.0402522153213
N_0.567kg,2071,1584.0516593664668
N_0.567kg,2072,1585.1426336741843
N_0.567kg,2073,1586.313693366505
N_0.567kg,2074,1587.5644408749768
N_0.567kg,2075,1588.8948373962621
N_0.567kg,2076,1590.3059681934153
N_0.567kg,2077,1591.7978838072752
N_0.567kg,2078,1593.3715935604841
N_0.567kg,2079,1595.0272607680195
N_0.567kg,2080,1596.766155742803
N_0.567kg,2081,1598.5882781316022
N_0.567kg,2082,1600.494268903223
N_0.567kg,2083,1602.4856685385794
N_0.567kg,2084,1604.562879206245
N_0.567kg,2085,1606.72635130982
N_0.567kg,2086,1608.9766223817912
N_0.567kg,2087,1611.3150635082518
N_0.567kg,2088,1613.7423080897954
N_0.567kg,2089,1616.2590189572666
N_0.567kg,2090,1618.8663927452676
N_0.567kg,2091,1621.5658455712041
N_0.567kg,2092,1624.3588363360311
N_0.567kg,2093,1627.246211375098
N_0.567kg,2094,1630.2287575905457
N_0.567kg,2095,1633.307527896524
N_0.567kg,2096,1636.4835226963394
N_0.567kg,2097,1639.757938640482
N_0.567kg,2098,1643.132033786252
N_0.567kg,2099,1646.6078781999142
N_0.567kg,2100,1650.1869462929576
N_0.567kg,2101,1653.870260056547
N_0.567kg,2102,1657.6600065836608
N_0.567kg,2103,1661.5568266214984
N_0.567kg,2104,1665.562165578435
N_0.567kg,2105,1669.6789581851385
N_0.567kg,2106,1673.9089543858702
N_0.567kg,2107,1678.2542081763643
N_0.567kg,2108,1682.7157419195369
N_0.567kg,2109,1687.295158514514
N_0.567kg,2110,1691.9951515020707
N_0.567kg,2111,1696.8176463947075
N_0.567kg,2112,1701.7655169292068
N_0.567kg,2113,1706.840583121745
N_0.567kg,2114,1712.044891777317
N_0.567kg,2115,1717.3808278049676
N_0.567kg,2116,1722.8507650636977
N_0.567kg,2117,1728.4575496756029
N_0.567kg,2118,1734.203818491152
N_0.567kg,2119,1740.093409896174
N_0.567kg,2120,1746.1283685422413
N_0.567kg,2121,1752.3106626491801
N_0.567kg,2122,1758.64375344595
N_0.567kg,2123,1765.1306477709072
N_0.567kg,2125,1771.7749577203629
N_148kg,2025,2.9998314772614867
N_148kg,2026,50.81493242059339
N_148kg,2027,100.2148574049154
N_148kg,2028,150.50153592650497
N_148kg,2029,200.6880770372259
N_148kg,2030,249.64595163771793
N_148kg,2031,296.39706028612926
N_148kg,2032,340.2876907976705
N_148kg,2033,381.0392613847644
N_148kg,2034,418.6753056045317
N_148kg,2035,453.4350676536415
N_148kg,2036,485.66738918506957
N_148kg,2037,515.7559326876822
N_148kg,2038,544.050079722862
N_148kg,2039,570.8581296613958
N_148kg,2040,596.4293687844659
N_148kg,2041,620.9644903199201
N_148kg,2042,644.61235674298
N_148kg,2043,667.4790465481626
N_148kg,2044,689.6559463541389
N_148kg,2045,711.2076622524811
N_148kg,2046,732.1896700443883
N_148kg,2047,752.6389358222483
N_148kg,2048,772.5923169192818
N_148kg,2049,792.0870776955171
N_148kg,2050,811.1593698696685
N_148kg,2051,829.8351739824639
N_148kg,2052,848.1440185494749
N_148kg,2053,866.1108243232247
N_148kg,2054,883.7667212997679
N_148kg,2055,901.1287625705744
N_148kg,2056,918.2160092575066
N_148kg,2057,935.0165381638748
N_148kg,2058,951.5244887469881
N_148kg,2059,967.7257074736617
N_148kg,2060,983.6372975788316
N_148kg,2061,999.2819957002149
N_148kg,2062,1014.6818824350171
N_148kg,2063,1029.858238232608
N_148kg,2064,1044.8243704637277
N_148kg,2065,1059.5820860412193
N_148kg,2066,1074.12806349495
N_148kg,2067,1088.4697667819357
N_148kg,2068,1102.6092403732578
N_148kg,2069,1116.560327280669
N_148kg,2070,1130.3439953158866
N_148kg,2071,1143.983732018631
N_148kg,2072,1157.4960263067787
N_148kg,2073,1170.90240597113
N_148kg,2074,1184.2199370710837
N_148kg,2075,1197.4402748416967
N_148kg,2076,1210.560056734492
N_148kg,2077,1223.5586725527987
N_148kg,2078,1236.440131407355
N_148kg,2079,1249.2108099925535
N_148kg,2080,1261.8867474423805
N_148kg,2081,1274.487722817698
N_148kg,2082,1287.0327407666682
N_148kg,2083,1299.519764910955
N_148kg,2084,1311.9625702798428
N_148kg,2085,1324.3607916130675
N_148kg,2086,1336.7175214698145
N_148kg,2087,1349.0293861585824
N_148kg,2088,1361.2966017441206
N_148kg,2089,1373.5041653038584
N_148kg,2090,1385.6506224311413
N_148kg,2091,1397.7379709476247
N_148kg,2092,1409.7543892748788
N_148kg,2093,1421.6871138269164
N_148kg,2094,1433.5146264603902
N_148kg,2095,1445.2302013128945
N_148kg,2096,1456.8291383195185
N_148kg,2097,1468.31259274637
N_148kg,2098,1479.6863083384667
N_148kg,2099,1490.9690101783822
N_148kg,2100,1502.192951485388
N_148kg,2101,1513.3744736652882
N_148kg,2102,1524.5248325454584
N_148kg,2103,1535.6606302591285
N_148kg,2104,1546.7914232436656
N_148kg,2105,1557.938368691534
N_148kg,2106,1569.110697091245
N_148kg,2107,1580.3107992863438
N_148kg,2108,1591.5238286315835
N_148kg,2109,1602.7164881810604
N_148kg,2110,1613.8809417393347
N_148kg,2111,1624.9872039786392
N_148kg,2112,1636.0437487826005
N_148kg,2113,1647.043479210363
N_148kg,2114,1658.00675324174
N_148kg,2115,1668.9510604168115
N_148kg,2116,1679.8801192946162
N_148kg,2117,1690.782080714451
N_148kg,2118,1701.661283885465
N_148kg,2119,1712.5351762876423
N_148kg,2120,1723.4185406580436
N_148kg,2121,1734.323280717218
N_148kg,2122,1745.2735581785869
N_148kg,2123,1756.2687647941789
N_148kg,2125,1767.3031770450827
N_260kg,2025,14.810287281251142
N_260kg,2026,15.055805960978105
N_260kg,2027,15.555584860097849
N_260kg,2028,16.21164781037738
N_260kg,2029,16.88981003676681
N_260kg,2030,17.598873121464415
N_260kg,2031,18.4375077756894
N_260kg,2032,19.493025596493364
N_260kg,2033,20.809835451161298
N_260kg,2034,22.375998582505332
N_260kg,2035,24.143095382749586
N_260kg,2036,26.056575166406244
N_260kg,2037,28.057683971775056
N_260kg,2038,30.102345876791794
N_260kg,2039,32.1520596994961
N_260kg,2040,34.185068662896654
N_260kg,2041,36.18388601148914
N_260kg,2042,38.14029049703845
N_260kg,2043,40.0436937218714
N_260kg,2044,41.88348870850852
N_260kg,2045,43.656167132563816
N_260kg,2046,45.360034790595584
N_260kg,2047,47.00227928368249
N_260kg,2048,48.58577261625853
N_260kg,2049,50.12030106091184
N_260kg,2050,51.61073862207024
N_260kg,2051,53.0573264195292
N_260kg,2052,54.46905958377804
N_260kg,2053,55.84359540302309
N_260kg,2054,57.18037293582836
N_260kg,2055,58.479851508153814
N_260kg,2056,59.75320106836404
N_260kg,2057,61.00197664883844
N_260kg,2058,62.22840982437609
N_260kg,2059,63.443910036643565
N_260kg,2060,64.63420991629584
N_260kg,2061,65.80174481726377
N_260kg,2062,66.94219150191176
N_260kg,2063,68.05955101170817
N_260kg,2064,69.14728040102044
N_260kg,2065,70.20843369644003
N_260kg,2066,71.24192030062373
N_260kg,2067,72.24670975563129
N_260kg,2068,73.2310860093604
N_260kg,2069,74.2022701449884
N_260kg,2070,75.17371494289493
N_260kg,2071,76.1481661745872
N_260kg,2072,77.12369499682598
N_260kg,2073,78.08698798855974
N_260kg,2074,79.03653113209833
N_260kg,2075,79.97253894072843
N_260kg,2076,80.88503835820784
N_260kg,2077,81.77823467020401
N_260kg,2078,82.642920754
N_260kg,2079,83.47931804905168
N_260kg,2080,84.28633851715553
N_260kg,2081,85.07094096332575
N_260kg,2082,85.83435038699142
N_260kg,2083,86.58228874990316
N_260kg,2084,87.32883398896087
N_260kg,2085,88.07160508769863
N_260kg,2086,88.81707757702588
N_260kg,2087,89.55635953016447
N_260kg,2088,90.28956539603524
N_260kg,2089,91.0111534137871
N_260kg,2090,91.72442407595945
N_260kg,2091,92.42102757892562
N_260kg,2092,93.10231653333285
N_260kg,2093,93.77345052517614
N_260kg,2094,94.43262108235912
N_260kg,2095,95.08251061922495
N_260kg,2096,95.72360360525671
N_260kg,2097,96.35778637708624
N_260kg,2098,96.97897979786738
N_260kg,2099,97.5776763728538
N_260kg,2100,98.15548080133672
N_260kg,2101,98.71622138962816
N_260kg,2102,99.26870788090422
N_260kg,2103,99.81597562868008
N_260kg,2104,100.36174651651078
N_260kg,2105,100.90264046135329
N_260kg,2106,101.43781755705427
N_260kg,2107,101.9609332485484
N_260kg,2108,102.46918306775372
N_260kg,2109,102.96778703681649
N_260kg,2110,103.46145604009578
N_260kg,2111,103.95456470517927
N_260kg,2112,104.45349372047842
N_260kg,2113,104.96362958480236
N_260kg,2114,105.49045269079289
N_260kg,2115,106.02905368916329
N_260kg,2116,106.57844015521798
N_260kg,2117,107.12959668319411
N_260kg,2118,107.680906032054
N_260kg,2119,108.22545375913026
N_260kg,2120,108.7671567284374
N_260kg,2121,109.2952426503687
N_260kg,2122,109.81167159178065
N_260kg,2123,110.32127743239822
N_260kg,2125,110.81905333687529
N_4kg,2025,93.65705636068834
N_4kg,2026,93.86223463915017
N_4kg,2027,94.01227205330804
N_4kg,2028,94.09323388903131
N_4kg,2029,94.08958735162626
N_4kg,2030,93.99094688610575
N_4kg,2031,93.80452362773045
N_4kg,2032,93.55436494775317
N_4kg,2033,93.2710777228186
N_4kg,2034,92.98308877165239
N_4kg,2035,92.7116333533107
N_4kg,2036,92.47007172274435
N_4kg,2037,92.26490258610878
N_4kg,2038,92.0974836322726
N_4kg,2039,91.96617664440423
N_4kg,2040,91.86791467028516
N_4kg,2041,91.79891211366133
N_4kg,2042,91.75497621893321
N_4kg,2043,91.73232795656943
N_4kg,2044,91.72795046094694
N_4kg,2045,91.73895520880498
N_4kg,2046,91.76299871491591
N_4kg,2047,91.79803725613303
N_4kg,2048,91.84236042089974
N_4kg,2049,91.89474450989927
N_4kg,2050,91.9541882341531
N_4kg,2051,92.019746289649
N_4kg,2052,92.0906555121305
N_4kg,2053,92.16635388406733
N_4kg,2054,92.24634748178217
N_4kg,2055,92.33024401203805
N_4kg,2056,92.41792609969914
N_4kg,2057,92.50918666727348
N_4kg,2058,92.60355955093397
N_4kg,2059,92.70115678624511
N_4kg,2060,92.80211788109652
N_4kg,2061,92.90655527045666
N_4kg,2062,93.01446693353807
N_4kg,2063,93.12569309610545
N_4kg,2064,93.24055307905758
N_4kg,2065,93.3590937816521
N_4kg,2066,93.4814228382578
N_4kg,2067,93.60786529559033
N_4kg,2068,93.73841694793916
N_4kg,2069,93.87315314438054
N_4kg,2070,94.01215247643627
N_4kg,2071,94.15548018532793
N_4kg,2072,94.30339720397382
N_4kg,2073,94.45601282413105
N_4kg,2074,94.61339705736995
N_4kg,2075,94.7757285937196
N_4kg,2076,94.9432672485754
N_4kg,2077,95.11613723006582
N_4kg,2078,95.29458839034828
N_4kg,2079,95.47862372297371
N_4kg,2080,95.66849763468699
N_4kg,2081,95.86435634365172
N_4kg,2082,96.06636447866491
N_4kg,2083,96.27476865922665
N_4kg,2084,96.4896254135739
N_4kg,2085,96.7111068919351
N_4kg,2086,96.93929891040305
N_4kg,2087,97.17448067175684
N_4kg,2088,97.41679568687532
N_4kg,2089,97.66631593643936
N_4kg,2090,97.92325429041993
N_4kg,2091,98.18781796157722
N_4kg,2092,98.46034419897653
N_4kg,2093,98.74092636537871
N_4kg,2094,99.02970465373298
N_4kg,2095,99.32671133616356
N_4kg,2096,99.63214846029705
N_4kg,2097,99.94625173994704
N_4kg,2098,100.26917457813848
N_4kg,2099,100.60117401375416
N_4kg,2100,100.94228571429576
N_4kg,2101,101.29275206683931
N_4kg,2102,101.6528261177483
N_4kg,2103,102.02254073186003
N_4kg,2104,102.40214478778076
N_4kg,2105,102.79197634260069
N_4kg,2106,103.19226254160563
N_4kg,2107,103.60320239144825
N_4kg,2108,104.02480919829856
N_4kg,2109,104.4573300976823
N_4kg,2110,104.90114354191795
N_4kg,2111,105.35646604552558
N_4kg,2112,105.82358875416531
N_4kg,2113,106.3026163032888
N_4kg,2114,106.79385846465175
N_4kg,2115,107.29749176430866
N_4kg,2116,107.81383318002973
N_4kg,2117,108.34314807320018
N_4kg,2118,108.88557524658238
N_4kg,2119,109.44173069583002
N_4kg,2120,110.01184129339075
N_4kg,2121,110.59594995370831
N_4kg,2122,111.19446964178447
N_4kg,2123,111.80760424608043
N_4kg,2125,112.43570946914834
N_6kg,2025,72.44742220370709
N_6kg,2026,72.20312372482279
N_6kg,2027,71.93574260168315
N_6kg,2028,71.7613426834309
N_6kg,2029,71.57475616561055
N_6kg,2030,71.29849982194281
N_6kg,2031,70.9180724798425
N_6kg,2032,70.46601006855695
N_6kg,2033,69.99255664503156
N_6kg,2034,69.5438834559547
N_6kg,2035,69.15123523892349
N_6kg,2036,68.82956765574026
N_6kg,2037,68.58108515724842
N_6kg,2038,68.39976498795102
N_6kg,2039,68.27549569905091
N_6kg,2040,68.19717304140504
N_6kg,2041,68.15455177007823
N_6kg,2042,68.13868756033595
N_6kg,2043,68.14250358398009
N_6kg,2044,68.16084983804723
N_6kg,2045,68.18984273165864
N_6kg,2046,68.22673609953587
N_6kg,2047,68.26957668022521
N_6kg,2048,68.31684585397421
N_6kg,2049,68.3676446041096
N_6kg,2050,68.42129455054895
N_6kg,2051,68.4773345675256
N_6kg,2052,68.53537339555066
N_6kg,2053,68.59517637463854
N_6kg,2054,68.65662100051252
N_6kg,2055,68.71952775500624
N_6kg,2056,68.78391707158612
N_6kg,2057,68.84970934493495
N_6kg,2058,68.91673542754447
N_6kg,2059,68.98501959562738
N_6kg,2060,69.05466324046795
N_6kg,2061,69.12572870084482
N_6kg,2062,69.19816101237167
N_6kg,2063,69.2719984505519
N_6kg,2064,69.34737651313209
N_6kg,2065,69.42431611440696
N_6kg,2066,69.50281766852947
N_6kg,2067,69.58292735046841
N_6kg,2068,69.66459875495445
N_6kg,2069,69.74793446523745
N_6kg,2070,69.83299401804759
N_6kg,2071,69.91971379739242
N_6kg,2072,70.00815165831898
N_6kg,2073,70.09839017634434
N_6kg,2074,70.19038527018022
N_6kg,2075,70.28413684994399
N_6kg,2076,70.37983254326655
N_6kg,2077,70.47747377561483
N_6kg,2078,70.57714475617539
N_6kg,2079,70.67882328888254
N_6kg,2080,70.78265565105133
N_6kg,2081,70.8886277776404
N_6kg,2082,70.9967550637313
N_6kg,2083,71.1072397244283
N_6kg,2084,71.22009168617762
N_6kg,2085,71.33528666708844
N_6kg,2086,71.45285814953212
N_6kg,2087,71.57305404233307
N_6kg,2088,71.69590492923705
N_6kg,2089,71.82138385196835
N_6kg,2090,71.9496243903086
N_6kg,2091,72.08071107655914
N_6kg,2092,72.21477340392768
N_6kg,2093,72.3518220332678
N_6kg,2094,72.4919141718581
N_6kg,2095,72.6351467306066
N_6kg,2096,72.78159749815232
N_6kg,2097,72.93137907876978
N_6kg,2098,73.08461779111822
N_6kg,2099,73.24137551875461
N_6kg,2100,73.4016811844794
N_6kg,2101,73.56566942770345
N_6kg,2102,73.73352764128681
N_6kg,2103,73.90521999158027
N_6kg,2104,74.0808628893052
N_6kg,2105,74.26066438825187
N_6kg,2106,74.44473013301055
N_6kg,2107,74.63317695471144
N_6kg,2108,74.82602113815373
N_6kg,2109,75.02333170493269
N_6kg,2110,75.22530280594904
N_6kg,2111,75.43206703444334
N_6kg,2112,75.64381256862988
N_6kg,2113,75.86050346398011
N_6kg,2114,76.08238226928022
N_6kg,2115,76.3096417331894
N_6kg,2116,76.54233351317743
N_6kg,2117,76.78054538970443
N_6kg,2118,77.02439903376174
N_6kg,2119,77.27416727243521
N_6kg,2120,77.53002389538159
N_6kg,2121,77.79199719921037
N_6kg,2122,78.06031998571511
N_6kg,2123,78.33509216701013
N_6kg,2125,78.61647974285579
S,2025,7431.594732481393
S,2026,7801.7707205872875
S,2027,8127.3486330487785
S,2028,8414.443193347659
S,2029,8667.433917910634
S,2030,8890.445806386311
S,2031,9086.978074834546
S,2032,9260.222894859511
S,2033,9412.893863762767
S,2034,9547.479603556263
S,2035,9666.077512336768
S,2036,9770.630765815737
S,2037,9862.76113614506
S,2038,9943.978934372552
S,2039,10015.575627768152
S,2040,10078.557546460428
S,2041,10134.820491931618
S,2042,10183.640806891293
S,2043,10226.832606464703
S,2044,10264.840081977145
S,2045,10298.373292619652
S,2046,10327.902102874737
S,2047,10353.952888036509
S,2048,10376.890007656968
S,2049,10397.135994932567
S,2050,10414.939426197636
S,2051,10430.675914707212
S,2052,10444.509906069108
S,2053,10456.714352431089
S,2054,10467.452933077651
S,2055,10476.9219359458
S,2056,10485.299022115318
S,2057,10492.59112454885
S,2058,10499.742705165643
S,2059,10505.271166539807
S,2060,10510.309367658121
S,2061,10514.691231343371
S,2062,10518.607575254106
S,2063,10522.012404774972
S,2064,10525.024182394818
S,2065,10527.67827779398
S,2066,10530.03017490139
S,2067,10532.085057183767
S,2068,10533.91947287394
S,2069,10535.487872623524
S,2070,10536.923831056738
S,2071,10538.186927057044
S,2072,10539.291722768814
S,2073,10540.26644214411
S,2074,10541.015973127824
S,2075,10542.41580803665
S,2076,10542.8974242198
S,2077,10543.472027426107
S,2078,10543.90490744141
S,2079,10544.337018243437
S,2080,10544.695363218443
S,2081,10545.034466878536
S,2082,10545.292142610215
S,2083,10545.501453567367
S,2084,10545.733029442177
S,2085,10545.95058078629
S,2086,10546.123482276225
S,2087,10546.294186467756
S,2088,10546.459727406445
S,2089,10546.469553527986
S,2090,10547.221351861348
S,2091,10547.127593291867
S,2092,10547.1934870268
S,2093,10547.197798180398
S,2094,10547.254759770385
S,2095,10547.260088877345
S,2096,10547.290881511011
S,2097,10547.306936944009
S,2098,10547.377715348743
S,2099,10547.331907381827
S,2100,10547.350237611416
S,2101,10547.34772287391
S,2102,10547.340588861965
S,2103,10547.333152416832
S,2104,10547.363221842952
S,2105,10547.397788628043
S,2106,10547.307186999391
S,2107,10547.966665997174
S,2108,10547.759498119745
S,2109,10547.78562721904
S,2110,10547.743109829351
S,2111,10547.723965992234
S,2112,10547.689811599876
S,2113,10547.677625485901
S,2114,10547.610105468115
S,2115,10547.580908064696
S,2116,10547.543918985255
S,2117,10547.558705189744
S,2118,10547.553710852575
S,2119,10547.566346513813
S,2120,10547.514179820826
S,2121,10547.50990104494
S,2122,10547.493475929641
S,2123,10547.390978355103
S,2125,10547.988717358245
Su,2025,50.01135846482251
Su,2026,140.04208931277884
Su,2027,218.5290606542641
Su,2028,287.64978480780275
Su,2029,348.72149583978364
Su,2030,402.74114672671584
Su,2031,450.3407493622804
Su,2032,492.1701628922673
Su,2033,529.7837671362574
Su,2034,562.171778035746
Su,2035,590.8811045562696
Su,2036,616.1138014502866
Su,2037,638.4103783433245
Su,2038,657.8713124858862
Su,2039,674.8496787458197
Su,2040,690.0261880825929
Su,2041,703.4474401635497
Su,2042,715.9827659671178
Su,2043,726.3327360506676
Su,2044,735.2136228137786
Su,2045,742.9940505232978
Su,2046,750.263246233228
Su,2047,756.6159071174337
Su,2048,762.1115206800366
Su,2049,767.7347369062247
Su,2050,771.7071723683438
Su,2051,775.3955315186184
Su,2052,778.7705592089674
Su,2053,781.7360405583211
Su,2054,784.3236469241208
Su,2055,786.6373407068119
Su,2056,788.5078361720354
Su,2057,790.0808237409161
Su,2058,792.3827934510621
Su,2059,793.6091915934342
Su,2060,794.8586715930123
Su,2061,795.8995068149306
Su,2062,796.8590233105502
Su,2063,797.7004833852094
Su,2064,798.3220942928931
Su,2065,799.618677295565
Su,2066,799.9972481285134
Su,2067,800.4863342551644
Su,2068,800.8535038653589
Su,2069,801.2405508253889
Su,2070,801.5270697086844
Su,2071,801.7730714440794
Su,2072,802.0281531997597
Su,2073,802.1432741431821
Su,2074,802.9928984338751
Su,2075,802.9594286534905
Su,2076,803.0875347141401
Su,2077,803.1590473093368
Su,2078,803.2575158695937
Su,2079,803.3291689040666
Su,2080,803.3119794276856
Su,2081,803.8525543736409
Su,2082,803.561507302678
Su,2083,803.6064273542969
Su,2084,803.6116910007379
Su,2085,803.657959709697
Su,2086,803.669634440554
Su,2087,803.7196383225221
Su,2088,803.6147570735643
Su,2089,803.1879842789417
Su,2090,803.7557532335604
Su,2091,803.659460084005
Su,2092,803.6984728372205
Su,2093,803.6890132241276
Su,2094,803.7240669006737
Su,2095,803.7380212960225
Su,2096,803.6695118396442
Su,2097,804.1569116490664
Su,2098,803.7930044772937
Su,2099,803.8813724866122
Su,2100,803.8561948051336
Su,2101,803.8681139486118
Su,2102,803.8716387640551
Su,2103,803.872290299458
Su,2104,803.8656033900513
Su,2105,803.7540685248222
Su,2106,804.4031975592587
Su,2107,804.215909143014
Su,2108,804.2279283944068
Su,2109,804.1239410953704
Su,2110,804.070206963816
Su,2111,804.0476630276187
Su,2112,803.9111978177684
Su,2113,804.5641383767799
Su,2114,804.3499017572516
Su,2115,804.3064686372417
Su,2116,804.2157266096468
Su,2117,804.1962528507499
Su,2118,804.1631880289225
Su,2119,804.1383999248151
Su,2120,804.0849368679399
Su,2121,803.9833919666204
Su,2122,804.4099058509262
Su,2123,804.0932350073454
Su,2125,803.9575743041393
